episode,reward,length,total_steps
0,-360.1164984260237,98,98
1,-162.98584504855262,138,236
2,-247.4527618180612,141,377
3,-107.95646474274177,119,496
4,-299.2793801749493,92,588
5,-305.3620111248025,105,693
6,-374.7600860689432,107,800
7,-63.93321917340248,80,880
8,-405.5800602534103,142,1022
9,-233.9795671280546,116,1138
10,-369.92897689958926,104,1242
11,-518.2529135858651,123,1365
12,-424.69074701412745,97,1462
13,-344.67687610058175,84,1546
14,-5.987351663591824,133,1679
15,-335.26330963009275,102,1781
16,-157.72279387694357,127,1908
17,-100.28914329801029,138,2046
18,-330.2607822201667,86,2132
19,-80.65565532791709,78,2210
20,-109.24192441424097,143,2353
21,-108.13499583752115,101,2454
22,-247.0828004038956,129,2583
23,-150.88309631932856,89,2672
24,-467.4210360136816,95,2767
25,-72.10870814186933,82,2849
26,-338.65776677281247,101,2950
27,-447.3037465987758,124,3074
28,-310.53289167418995,86,3160
29,-66.90560907341454,98,3258
30,-220.8338448766155,114,3372
31,-186.97053358528132,94,3466
32,-168.64659108010403,134,3600
33,-91.66426208036717,66,3666
34,-336.59097863112817,101,3767
35,-96.20252728942287,92,3859
36,-366.3644106165377,92,3951
37,-140.85618372227148,107,4058
38,-130.04365855693146,124,4182
39,-96.12336664870661,77,4259
40,-102.91417450363134,107,4366
41,-375.1680853913572,121,4487
42,-143.7308920850701,77,4564
43,-333.2359681698266,94,4658
44,-354.29740624136684,95,4753
45,-182.46951688579776,82,4835
46,-443.95791216772153,115,4950
47,-289.38898270254117,150,5100
48,-184.2730188990032,117,5217
49,-131.48197791839334,69,5286
50,11.127257351187339,106,5392
51,188.0434971650315,523,5915
52,-121.07093520252832,1000,6915
53,-86.27743612341467,1000,7915
54,-13.996617281133283,426,8341
55,5.027212092509984,269,8610
56,-18.36853684893893,131,8741
57,-5.942517963145136,178,8919
58,43.408668597680474,280,9199
59,-66.64197534348916,372,9571
60,-135.16633814648583,450,10021
61,-279.9497375241831,308,10329
62,-258.92177824111025,88,10417
63,-201.91856191375135,116,10533
64,-229.45616228499645,112,10645
65,-239.78190122118573,428,11073
66,-214.40161055208802,123,11196
67,-154.77126177328583,129,11325
68,-231.58490228470373,179,11504
69,-218.6026462389556,156,11660
70,-96.26107993235728,256,11916
71,-104.11966052452561,240,12156
72,-159.9023294119053,126,12282
73,197.6459775222706,460,12742
74,-71.95171954815231,175,12917
75,-67.2579945942615,217,13134
76,-24.94654713912047,185,13319
77,-115.35691250594915,286,13605
78,-46.4105416160569,155,13760
79,-44.816982097391985,137,13897
80,-75.55935426122971,411,14308
81,-17.24366092738697,113,14421
82,-331.8920814107304,1000,15421
83,-75.32029681637984,280,15701
84,-19.333148749665412,446,16147
85,-18.872025279617745,340,16487
86,-20.632569040205226,116,16603
87,-17.775719475608852,307,16910
88,-28.490797310169455,174,17084
89,-22.12046866484843,172,17256
90,-40.94224996541355,179,17435
91,-9.491059251526295,131,17566
92,-1.0866832646230904,121,17687
93,-13.42067446721282,221,17908
94,-3.7057838017839657,197,18105
95,-11.188995514241071,231,18336
96,33.64767832696552,248,18584
97,-34.07509156002844,362,18946
98,2.3748736954567278,271,19217
99,9.413172943378214,268,19485
100,-300.23937649291963,200,19685
101,-33.85468499223866,209,19894
102,7.795289093138649,230,20124
103,16.63392575854877,263,20387
104,15.518573922550075,217,20604
105,27.82788519630209,190,20794
106,36.74377880202971,254,21048
107,20.531122523355748,310,21358
108,25.488679458288715,292,21650
109,17.844136008888782,424,22074
110,221.97640303023985,877,22951
111,192.9451967554975,632,23583
112,254.07483425595078,488,24071
113,283.42603475240776,299,24370
114,27.1269265667908,134,24504
115,36.48962020196626,373,24877
116,242.3451322998532,347,25224
117,253.28239009784616,379,25603
118,253.9473343521537,333,25936
119,62.8256399047919,251,26187
120,283.45931037760977,399,26586
121,243.54912675179605,407,26993
122,237.92143347783016,433,27426
123,248.89277756403783,475,27901
124,202.26862932658867,474,28375
125,212.00302835972965,483,28858
126,-134.13512324599824,317,29175
127,192.2324196480775,466,29641
128,221.2337167445246,467,30108
129,239.9813564968331,467,30575
130,-68.65158331687567,279,30854
131,-3.0488946006423276,227,31081
132,-67.7872221890442,353,31434
133,278.22258791854966,426,31860
134,-39.83221511029335,268,32128
135,-73.968848335763,296,32424
136,-35.67942417988671,258,32682
137,43.18434618198049,217,32899
138,179.03528246046022,412,33311
139,61.12098066742956,228,33539
140,-77.95126827589432,348,33887
141,36.35846904608482,256,34143
142,-128.6295872969099,414,34557
143,-66.69348597148357,301,34858
144,-767.1494351485686,821,35679
145,0.06068594543414463,227,35906
146,-53.70000910305313,173,36079
147,175.01826673835367,431,36510
148,-43.754154952243056,173,36683
149,-43.87147770970239,189,36872
150,-223.78219833197238,670,37542
151,-3.1787513781999905,282,37824
152,226.7868124657134,406,38230
153,-39.457065617964645,313,38543
154,44.2611460285828,239,38782
155,45.03524049298713,292,39074
156,-42.06878590476477,334,39408
157,14.087417889610492,326,39734
158,-24.481725808377234,406,40140
159,-22.330357211162948,410,40550
160,-32.23451984747527,437,40987
161,-42.576834920032596,519,41506
162,15.177319560454464,340,41846
163,-13.011749874805048,424,42270
164,12.17884078614398,280,42550
165,-15.71618225778758,386,42936
166,-28.577741753873283,188,43124
167,-35.9409659485282,214,43338
168,30.697184452404656,373,43711
169,-73.00173716972446,245,43956
170,-45.234144278619176,222,44178
171,8.908539075582382,311,44489
172,-18.547933000199407,264,44753
173,-6.517815670895374,460,45213
174,-36.24653772280456,274,45487
175,-18.304638868404354,315,45802
176,-9.763095891170622,250,46052
177,-67.20863108945218,528,46580
178,-37.99081694421989,304,46884
179,-19.870766351843073,409,47293
180,-133.3382713584079,354,47647
181,215.52033483454005,555,48202
182,-103.58147516082796,504,48706
183,-47.17048354119788,295,49001
184,-37.130115786175196,176,49177
185,5.326785100826768,244,49421
186,-242.89977158077036,285,49706
187,-15.667425031929668,237,49943
188,-50.36415128061633,98,50041
189,-35.92219111870824,191,50232
190,-20.842439440545462,80,50312
191,-15.355505598716718,220,50532
192,159.80785063732307,275,50807
193,243.73241934120168,473,51280
194,-77.1611423572107,227,51507
195,-73.96276890401401,534,52041
196,-159.63087748968766,181,52222
197,-61.623648684411506,1000,53222
198,-52.461705251461154,1000,54222
199,-44.13495075948666,1000,55222
200,-95.30754070774894,543,55765
201,-148.77772633312958,441,56206
202,-135.7662919256374,389,56595
203,-101.67200387462749,322,56917
204,-56.3280187083564,305,57222
205,-196.47948501353113,497,57719
206,127.65722214268636,505,58224
207,-202.06919551994832,671,58895
208,-119.8313388005205,289,59184
209,-99.67722476838324,413,59597
210,-59.33604168160824,249,59846
211,-13.269764053975067,328,60174
212,-88.63694709332731,296,60470
213,10.884511753093415,1000,61470
214,192.04273234364734,470,61940
215,-28.02957454459532,405,62345
216,208.4364464565384,396,62741
217,-55.644667617796934,575,63316
218,246.44312641655577,394,63710
219,191.23925272330035,599,64309
220,263.3840627604891,474,64783
221,201.56518278321298,572,65355
222,281.9659308873539,359,65714
223,267.2445179878253,332,66046
224,283.97464314752733,397,66443
225,-37.06751630607139,1000,67443
226,-76.41601317584892,1000,68443
227,38.55760940227191,1000,69443
228,12.73419291582063,1000,70443
229,232.02477332084794,304,70747
230,-32.999744508600116,222,70969
231,41.099237988498345,210,71179
232,-35.98676544879859,379,71558
233,-62.1591359629211,241,71799
234,-72.21917092165681,172,71971
235,18.49228306608498,207,72178
236,223.46426319275758,384,72562
237,-206.5820368256044,354,72916
238,-9.49045545805842,206,73122
239,130.9687092275446,525,73647
240,243.36404765653964,403,74050
241,182.71975181037374,575,74625
242,228.30197129963403,342,74967
243,202.9430218054274,605,75572
244,-56.507764773011665,342,75914
245,-49.40611185714469,355,76269
246,200.18722648793823,411,76680
247,199.12920856749133,512,77192
248,-9.317008734749578,88,77280
249,-14.943232041572003,254,77534
250,189.64210469569107,270,77804
251,157.46483921707255,853,78657
252,-58.07092527354288,99,78756
253,-183.12061875986828,66,78822
254,253.7290837755786,331,79153
255,-17.95436841193353,99,79252
256,18.790730818967432,146,79398
257,-118.32748389920025,87,79485
258,299.69369378196666,167,79652
259,236.95349574923011,241,79893
260,250.56619699203276,419,80312
261,-81.78036424078726,157,80469
262,-122.48380270681194,257,80726
263,235.1080033157332,310,81036
264,218.17998983468976,265,81301
265,229.75908992367957,201,81502
266,246.1314582118572,444,81946
267,-242.14939218274213,188,82134
268,64.3615553296778,768,82902
269,255.20120153942423,191,83093
270,-161.37426146374537,199,83292
271,-174.22707541190022,184,83476
272,-119.43953991378565,285,83761
273,-124.7652710494922,167,83928
274,-163.46712411460453,230,84158
275,-163.18222701819718,192,84350
276,-126.24990225085676,229,84579
277,-138.99161503370152,206,84785
278,-130.3879305320505,205,84990
279,-161.9800974359121,246,85236
280,-90.42029970819854,243,85479
281,-149.174066137935,266,85745
282,-117.47243026033074,322,86067
283,-136.04033447740488,459,86526
284,-92.14234905063061,337,86863
285,170.8734787615426,849,87712
286,-123.36715796156285,589,88301
287,-223.2235874164893,393,88694
288,-54.67455649201494,212,88906
289,-19.525116063319444,269,89175
290,163.73534566574938,410,89585
291,-215.77767242268317,658,90243
292,204.85669886920908,383,90626
293,217.1542237095508,381,91007
294,-54.524192127750645,262,91269
295,109.01392060992386,642,91911
296,224.30430562830819,704,92615
297,209.23660306339013,622,93237
298,156.9288263191046,748,93985
299,197.7558958440282,457,94442
300,238.75310841695818,519,94961
301,219.81114897096302,433,95394
302,-226.32098132708086,606,96000
303,25.8133639460414,1000,97000
304,-198.96468201493076,602,97602
305,-455.8238257775184,831,98433
306,177.49153977880889,581,99014
307,-158.70053406218727,786,99800
308,-51.87051441866752,1000,100800
309,-95.1018032173489,510,101310
310,167.0900521586113,673,101983
311,-75.5187691385871,1000,102983
312,-100.79434878078432,1000,103983
313,119.00768738144814,636,104619
314,106.02421690230287,923,105542
315,-12.104040762676718,295,105837
316,27.16677620687183,242,106079
317,-85.92372729227387,812,106891
318,-45.15964021192658,1000,107891
319,32.71340428145803,1000,108891
320,46.521936607935146,222,109113
321,59.41419775276833,229,109342
322,69.80912300035875,1000,110342
323,211.06717042574962,698,111040
324,264.1454947016498,370,111410
325,22.098356663862948,1000,112410
326,-3.306076598309212,1000,113410
327,142.99899882561948,686,114096
328,154.59850182349996,934,115030
329,101.42814383297437,961,115991
330,7.752390028097916,1000,116991
331,-537.3675206710232,543,117534
332,-168.64693488468572,543,118077
333,-228.20114359116485,490,118567
334,-102.33268641849166,506,119073
335,-139.09093031931175,378,119451
336,102.72485798965936,597,120048
337,-217.32905852208444,627,120675
338,230.03079164777085,652,121327
339,-208.96993133214016,390,121717
340,-165.44278152229833,481,122198
341,-210.9489478004836,277,122475
342,-16.324522469642375,301,122776
343,-193.05218141489598,289,123065
344,159.4596859465349,385,123450
345,-155.82039434106025,1000,124450
346,-133.16423485639547,91,124541
347,-264.3269276834891,804,125345
348,0.8996546009775557,104,125449
349,184.2780458647042,498,125947
350,-13.181412495044711,85,126032
351,95.22384727111015,893,126925
352,17.661719821050298,154,127079
353,117.78520097803595,955,128034
354,156.32947335359518,288,128322
355,253.8346845770961,159,128481
356,39.916960034047094,1000,129481
357,-73.4083553896824,1000,130481
358,7.245782708605375,357,130838
359,146.2117662572981,741,131579
360,4.199208263113974,112,131691
361,193.16751304744324,868,132559
362,8.671316764323478,91,132650
363,-134.00060604503082,757,133407
364,196.1290237141357,386,133793
365,254.05126463489353,450,134243
366,-353.98360466683494,71,134314
367,203.83047367466773,218,134532
368,201.70976278521545,384,134916
369,-286.6550187869535,71,134987
370,-40.98587915301174,334,135321
371,-184.2622037442369,105,135426
372,-159.7556597536903,108,135534
373,-48.336459111753946,117,135651
374,214.1737972931084,417,136068
375,187.51272743755993,280,136348
376,-6.885270810573886,102,136450
377,146.22569875314062,324,136774
378,-29.529469961584372,1000,137774
379,-88.26992488412507,233,138007
380,211.75507768289324,396,138403
381,-202.1453714403645,766,139169
382,-46.64309799193789,1000,140169
383,-36.74381578529061,1000,141169
384,-22.44144739743044,1000,142169
385,-69.45204402225534,1000,143169
386,-7.003884732137351,121,143290
387,-33.59144707296677,112,143402
388,-33.74752569325675,1000,144402
389,-200.46957401469632,992,145394
390,-152.4082548801193,630,146024
391,38.60229443038904,183,146207
392,-76.52531006301597,342,146549
393,-44.93455599800878,207,146756
394,-204.71327948392798,586,147342
395,-76.57308389322317,1000,148342
396,-151.0692953358509,470,148812
397,-121.96502250229886,511,149323
398,-110.24087572391696,1000,150323
399,-179.3900442586389,650,150973
400,-230.58232623606165,717,151690
401,-187.5699441272517,588,152278
402,190.60173278268127,445,152723
403,112.57068947465076,827,153550
404,-108.59723624384837,274,153824
405,-213.3531838528611,836,154660
406,-91.87454529304482,1000,155660
407,-48.096561468386966,113,155773
408,-1.400292577071312,96,155869
409,18.327479547621692,121,155990
410,4.493739495994589,82,156072
411,-60.8059618585752,1000,157072
412,-7.075463891560574,71,157143
413,217.80696742059695,169,157312
414,240.7379119946869,381,157693
415,-16.270903800695137,114,157807
416,-72.45996669576574,1000,158807
417,-51.35655939521394,1000,159807
418,-56.347421874429045,1000,160807
419,-47.377679379717236,139,160946
420,-67.07022642024275,133,161079
421,-97.86850203351398,1000,162079
422,8.999863213372478,114,162193
423,-39.97201067726743,124,162317
424,-74.17490054447939,1000,163317
425,-39.116835702032944,127,163444
426,-8.838644093341301,162,163606
427,-10.354505163910943,116,163722
428,198.20751788259648,720,164442
429,-79.11145465636127,169,164611
430,40.04909670559431,164,164775
431,-52.200207176542094,103,164878
432,9.850862290087871,1000,165878
433,-87.97909830638365,79,165957
434,-162.33633266910428,539,166496
435,147.0698238127945,817,167313
436,-219.47511626272603,545,167858
437,-81.26229425687812,566,168424
438,118.15319069203586,755,169179
439,-111.28325811511681,183,169362
440,-67.60195849545724,161,169523
441,85.65075867664402,598,170121
442,-31.693860710958134,167,170288
443,-6.775121955440381,1000,171288
444,-89.35509386672439,220,171508
445,222.44828967511998,372,171880
446,168.1857777529343,453,172333
447,-169.32082727358343,530,172863
448,278.39129438679026,258,173121
449,-216.8419334216979,260,173381
450,287.61056753800017,303,173684
451,144.16536800956803,484,174168
452,221.2592162669066,547,174715
453,-18.79641197740135,1000,175715
454,-137.7525691817927,349,176064
455,216.27530262095533,378,176442
456,231.87620955237063,559,177001
457,183.92607182285258,496,177497
458,-1.342503974690949,1000,178497
459,278.51981252535273,235,178732
460,238.5302280776806,376,179108
461,175.68903431473444,759,179867
462,270.4892069953099,172,180039
463,-50.51207859815352,105,180144
464,15.80726916620651,130,180274
465,224.5657843764942,343,180617
466,-7.1811818652056445,339,180956
467,-21.550650102201445,127,181083
468,22.346635441050964,113,181196
469,232.80934030715522,205,181401
470,-11.744202357443314,251,181652
471,186.85896640293,472,182124
472,-249.71651322578543,295,182419
473,40.06735599902487,132,182551
474,199.3710746490683,240,182791
475,-65.48838138432266,115,182906
476,7.828020406345729,100,183006
477,45.30586493368807,142,183148
478,-20.479489276028758,212,183360
479,-46.52995144260843,110,183470
480,-24.984260744930793,145,183615
481,-51.047231658461875,119,183734
482,-125.53317287247538,429,184163
483,232.77168571836324,286,184449
484,240.10321003834136,336,184785
485,47.824782840406044,137,184922
486,247.34427143576445,378,185300
487,168.50718834471746,932,186232
488,136.3266667911053,527,186759
489,280.5197985820952,428,187187
490,66.71178153078506,122,187309
491,159.18379862142132,702,188011
492,228.03927102838134,345,188356
493,215.6133392587217,274,188630
494,196.76887033946593,279,188909
495,246.52877458439113,595,189504
496,-8.08773101634715,176,189680
497,220.76082620431345,360,190040
498,217.73449710739328,537,190577
499,70.3785554569424,195,190772
500,182.93690170675683,388,191160
501,238.598538300578,335,191495
502,248.8427065059122,224,191719
503,-78.0785624771696,647,192366
504,74.70663818430367,764,193130
505,237.10581245237424,425,193555
506,230.4584088089503,335,193890
507,40.73265147998265,154,194044
508,262.0182718985382,291,194335
509,278.71800390968383,296,194631
510,-4.186975073463044,1000,195631
511,-142.28580028088854,1000,196631
512,237.85202988693985,467,197098
513,-23.924360599362455,1000,198098
514,-38.915799042385814,1000,199098
515,-149.9174909933728,1000,200098
516,-100.14727317694282,1000,201098
517,-78.22956219239563,1000,202098
518,175.0803754217903,418,202516
519,184.33116952680226,912,203428
520,161.43728706807872,936,204364
521,245.04403604700747,329,204693
522,-353.12868316599264,747,205440
523,-42.140804211957125,1000,206440
524,-40.9675077452591,1000,207440
525,-376.75160259257206,159,207599
526,11.933808523337149,122,207721
527,-103.09060028600693,124,207845
528,-84.94037544437994,1000,208845
529,-61.988695788216056,1000,209845
530,-44.887644386793326,58,209903
531,211.55548178570294,415,210318
532,9.223475072337749,106,210424
533,167.58551611429272,810,211234
534,-62.31546109121481,66,211300
535,-1.6549344730458415,88,211388
536,-147.4723508569752,89,211477
537,241.8883772155175,481,211958
538,-55.41095967956048,1000,212958
539,-31.775573614698153,1000,213958
540,-51.41778345502968,105,214063
541,32.54906236617967,1000,215063
542,262.4854436883586,221,215284
543,199.34981136998536,479,215763
544,-20.23943052488265,119,215882
545,-32.26732109869786,73,215955
546,47.43729296217384,171,216126
547,268.7410270199649,231,216357
548,264.0020083779209,274,216631
549,-3.618967473562253,1000,217631
550,291.77226278472386,387,218018
551,-85.7322156058299,196,218214
552,233.7488654421626,532,218746
553,-12.129697911966986,73,218819
554,272.3084866348861,277,219096
555,216.8185459213454,440,219536
556,242.43917741647107,191,219727
557,230.27485282501564,222,219949
558,182.3152706139116,717,220666
559,187.46921591795498,960,221626
560,221.3884909345727,455,222081
561,244.71896986636193,505,222586
562,21.697060604255398,251,222837
563,-212.54803060662584,619,223456
564,1.2918543479820244,185,223641
565,195.32833236470344,636,224277
566,209.1142230840049,725,225002
567,261.1675698090771,318,225320
568,224.40588697953882,281,225601
569,265.24078693000877,486,226087
570,-190.73446716001098,693,226780
571,51.00000058568456,1000,227780
572,39.49568258235411,83,227863
573,-191.12159756522345,523,228386
574,168.63433227169097,859,229245
575,-43.59719616151456,95,229340
576,-49.66470877147432,97,229437
577,227.34284536101836,215,229652
578,20.909841660785418,101,229753
579,173.9287828862798,682,230435
580,-28.681318997085043,96,230531
581,-27.794324137049955,93,230624
582,11.117464038229855,102,230726
583,243.04452498120938,516,231242
584,-38.56305431189841,84,231326
585,-111.31071259063513,432,231758
586,257.8218506775788,161,231919
587,-5.6712993971839865,112,232031
588,212.0443946278873,320,232351
589,294.1300285315257,818,233169
590,-8.004364076923707,94,233263
591,-36.24781725154161,135,233398
592,217.11779337036614,257,233655
593,248.4731001826016,187,233842
594,233.80143224271697,215,234057
595,26.61776540411904,88,234145
596,264.91540125504514,212,234357
597,-12.300840013699059,98,234455
598,253.2142116112784,205,234660
599,258.19735566368126,276,234936
600,-7.072347625285559,274,235210
601,5.9486345864395105,144,235354
602,253.84669977657697,196,235550
603,269.2348277035636,345,235895
604,16.324127421239112,95,235990
605,35.21018196417663,122,236112
606,230.60974932328094,233,236345
607,1.4424649529420037,100,236445
608,257.00586064363154,209,236654
609,241.17616662313668,206,236860
610,240.4426734197056,270,237130
611,52.910267582488615,136,237266
612,231.5199341502819,516,237782
613,0.7336405857098214,154,237936
614,281.9854789974172,252,238188
615,15.013912510533459,105,238293
616,-15.856231198587523,103,238396
617,252.25876310257894,199,238595
618,-62.539565895541706,97,238692
619,263.1568262466808,290,238982
620,-81.64796979237292,289,239271
621,246.6955716967967,304,239575
622,-49.67205167333706,124,239699
623,290.9252842341432,525,240224
624,153.791211474436,1000,241224
625,-46.45757852032924,218,241442
626,-66.79489218860299,227,241669
627,-139.64221566435776,964,242633
628,-88.8448887937171,376,243009
629,17.72368785333853,1000,244009
630,258.1940036576354,322,244331
631,-68.0193877249541,288,244619
632,143.69478735295016,622,245241
633,245.579191225559,265,245506
634,239.11165715544678,460,245966
635,-18.38878804911772,206,246172
636,203.57515905265672,290,246462
637,229.20779638153383,261,246723
638,161.68877126257823,863,247586
639,166.97740037412,487,248073
640,277.65674584149644,258,248331
641,223.27260025357523,510,248841
642,199.87757486903246,575,249416
643,-22.047301999614362,166,249582
644,242.1747941970283,252,249834
645,230.92465147342043,192,250026
646,163.63541171434133,635,250661
647,-3.7159794887227235,117,250778
648,254.62505037378145,177,250955
649,4.412556733058921,120,251075
650,28.747574285155025,110,251185
651,-5.692664202200321,1000,252185
652,19.762845463740533,149,252334
653,227.18557990398665,476,252810
654,275.82892000504626,243,253053
655,276.7957255617839,192,253245
656,-40.48969459376441,288,253533
657,-64.5336044755162,376,253909
658,284.1450129210914,262,254171
659,305.76163619057843,243,254414
660,269.7493940573296,272,254686
661,228.72643270599573,194,254880
662,240.58976861124484,218,255098
663,147.83872534095414,541,255639
664,92.20273377123532,749,256388
665,135.45193085208928,501,256889
666,245.854358393997,301,257190
667,245.95006432909236,380,257570
668,256.23698948179384,309,257879
669,-131.789248398899,431,258310
670,247.77647074386556,252,258562
671,228.63702594194723,343,258905
672,267.1800456278835,301,259206
673,252.51979820097972,297,259503
674,252.04628863887825,282,259785
675,216.32286258664413,299,260084
676,251.2274342141405,372,260456
677,244.93990516158502,332,260788
678,276.1989465858726,295,261083
679,231.63377048631514,326,261409
680,260.6527866097493,440,261849
681,233.15948422219188,303,262152
682,279.7660632644377,242,262394
683,220.2951528366228,296,262690
684,285.5608570188141,251,262941
685,276.25300979720134,268,263209
686,288.6904901943434,243,263452
687,141.69628948370575,418,263870
688,-160.20918234561492,535,264405
689,251.37253620118003,218,264623
690,-147.51995546240602,505,265128
691,203.1571001580869,280,265408
692,238.23599571129432,276,265684
693,55.50060219629146,919,266603
694,251.44819346475148,262,266865
695,-93.40864103934378,364,267229
696,242.38542109159224,249,267478
697,220.70595907852788,263,267741
698,257.8538683938927,254,267995
699,178.72742169435014,420,268415
700,-111.86752994164941,430,268845
701,259.44481861965323,340,269185
702,33.98294490313137,129,269314
703,0.29648138153923753,123,269437
704,227.52346193220893,240,269677
705,212.07583563613616,211,269888
706,251.14895374590878,259,270147
707,10.662456756050787,1000,271147
708,-53.50447941944112,238,271385
709,205.22568865664311,439,271824
710,106.85096862683389,959,272783
711,216.7170442503641,384,273167
712,-63.9769896630181,266,273433
713,259.3400400685856,441,273874
714,26.48033782967292,135,274009
715,195.0609503580131,337,274346
716,187.4001921766387,276,274622
717,32.739004214437784,119,274741
718,-51.77774961002568,266,275007
719,189.40836891989943,296,275303
720,217.12033103572492,226,275529
721,134.57091300821565,476,276005
722,-15.738577656003798,246,276251
723,-71.64324802542743,410,276661
724,231.3866117893538,264,276925
725,265.78489290117864,373,277298
726,-320.25289591815897,457,277755
727,170.17557458972504,512,278267
728,270.92670637204594,365,278632
729,266.49324015711284,307,278939
730,267.5897715531654,375,279314
731,-103.29617842908986,310,279624
732,18.54444660379872,71,279695
733,270.3646106641101,214,279909
734,284.1481615701634,233,280142
735,10.324606414674525,1000,281142
736,260.383245616972,241,281383
737,240.6388183512914,296,281679
738,38.047686698487325,197,281876
739,250.0952462921882,284,282160
740,-46.417022767826325,147,282307
741,254.62127831663375,155,282462
742,208.84899616409155,265,282727
743,53.631614296186086,114,282841
744,271.582682620846,144,282985
745,255.97152893578132,194,283179
746,-128.50424173947715,308,283487
747,283.5803800535653,234,283721
748,12.424931511097867,106,283827
749,-19.822495827758715,115,283942
750,270.54672045621186,236,284178
751,280.9579503978482,205,284383
752,234.7772016486872,218,284601
753,280.22589318355455,278,284879
754,245.6966408065576,227,285106
755,-279.1046005651956,95,285201
756,266.9752048650645,369,285570
757,265.7145893001275,306,285876
758,275.9713804133907,166,286042
759,274.57259606270014,319,286361
760,249.3998132841386,223,286584
761,258.75493216549626,213,286797
762,264.2083010700052,191,286988
763,250.12172052314656,194,287182
764,284.2692936329411,212,287394
765,255.57259478409142,190,287584
766,263.72375472510504,159,287743
767,255.20457248563682,257,288000
768,284.48388911006833,298,288298
769,260.9337879364224,178,288476
770,212.10945270081754,276,288752
771,23.2454589201535,1000,289752
772,284.84937151115537,165,289917
773,-0.46849853861245094,312,290229
774,267.0267596387881,249,290478
775,275.2383732261848,197,290675
776,-16.462624690018373,228,290903
777,289.7654218424051,258,291161
778,258.1462204012822,235,291396
779,249.355942955644,252,291648
780,259.21063254238913,231,291879
781,165.98262552731035,488,292367
782,7.412116190055656,138,292505
783,239.4089148390262,469,292974
784,-39.77703197687879,1000,293974
785,237.0009851817015,196,294170
786,267.872315650489,208,294378
787,251.0570347847439,223,294601
788,281.5528993035306,231,294832
789,277.14444303749553,204,295036
790,-35.164451644480806,98,295134
791,-39.837602924166575,153,295287
792,-90.70519980574198,315,295602
793,-56.26809876286033,318,295920
794,262.97595324640486,215,296135
795,244.59495475316805,220,296355
796,-80.43579153330083,209,296564
797,255.48642755741506,270,296834
798,8.603708588012807,164,296998
799,271.52069351801083,203,297201
800,254.17285860415336,175,297376
801,245.73704708996038,272,297648
802,169.31451053333723,828,298476
803,200.28744685166203,568,299044
804,266.16527313870915,279,299323
805,307.74533258865324,188,299511
806,273.8184858958474,185,299696
807,291.51748011418044,180,299876
808,-33.112829813920285,492,300368
809,231.8254413626314,271,300639
810,258.2472628055099,189,300828
811,-27.22534912626135,337,301165
812,32.358338895068755,129,301294
813,264.93663582382715,209,301503
814,256.8904628110091,184,301687
815,8.049870972166332,223,301910
816,52.79897116168303,109,302019
817,-65.90190462230984,512,302531
818,272.9632584974963,207,302738
819,46.689178660395754,151,302889
820,239.54109463195974,218,303107
821,255.46438732376689,277,303384
822,274.67577732455527,615,303999
823,280.3725527091841,227,304226
824,248.45898036746914,175,304401
825,-101.85046979995009,1000,305401
826,-5.179697798584058,167,305568
827,269.89171750157095,447,306015
828,277.3900430163971,484,306499
829,235.18510869131384,170,306669
830,-100.71766991997089,1000,307669
831,243.08211095760205,193,307862
832,259.86947766085467,149,308011
833,-121.10321363583662,1000,309011
834,-47.10236701328705,1000,310011
835,259.6955894495999,191,310202
836,267.7574432739565,232,310434
837,257.0072235652314,289,310723
838,238.69954822006164,300,311023
839,258.3750910331014,429,311452
840,248.66083117616205,280,311732
841,262.7118071280953,237,311969
842,266.9334206931867,255,312224
843,-32.80066186625345,290,312514
844,282.97024266788196,263,312777
845,260.009390772717,221,312998
846,-64.22969384080179,469,313467
847,-15.512259667227283,170,313637
848,247.29656750881526,178,313815
849,241.5822792547329,171,313986
850,-80.96028499391619,401,314387
851,273.3629202208432,160,314547
852,37.16002077757889,82,314629
853,281.6216881686196,203,314832
854,248.2659493684543,209,315041
855,248.0625989513317,591,315632
856,269.40519264587,168,315800
857,281.0709639367532,207,316007
858,267.102542434952,234,316241
859,267.54036588860845,281,316522
860,-37.82385183345118,66,316588
861,258.3027509190297,172,316760
862,240.08971118311598,187,316947
863,254.69963202997636,181,317128
864,259.41941682788166,173,317301
865,233.3045423591574,175,317476
866,238.03407405488048,266,317742
867,-23.979179250023833,79,317821
868,269.5935233355738,272,318093
869,-129.62092779573413,293,318386
870,289.8957926700467,337,318723
871,0.6222997129093244,111,318834
872,-6.633969305902539,121,318955
873,227.23029238671103,261,319216
874,177.19974797388636,306,319522
875,274.6583493787095,189,319711
876,213.39500349783953,240,319951
877,251.03467197008715,205,320156
878,263.01585544559055,207,320363
879,242.68691065352883,190,320553
880,160.17125736193128,552,321105
881,2.179822392010564,124,321229
882,257.5918199113232,214,321443
883,-142.39139446531348,1000,322443
884,268.6861450335839,197,322640
885,147.33095111544264,470,323110
886,226.9871441225505,483,323593
887,12.729229973727612,107,323700
888,36.723503085334585,111,323811
889,-82.06678630279896,1000,324811
890,-98.11223460146371,1000,325811
891,-166.91143417269342,431,326242
892,272.08080024347896,373,326615
893,259.50566983919464,166,326781
894,254.38410339368843,296,327077
895,223.23219366730058,323,327400
896,210.90405900571645,601,328001
897,242.98754357359167,359,328360
898,260.72826233694286,429,328789
899,212.73052260050457,762,329551
900,284.13000981838013,366,329917
901,-105.51562970532133,1000,330917
902,224.88034349817553,641,331558
903,235.30773078678584,432,331990
904,27.921964295018128,120,332110
905,281.80423424384844,207,332317
906,148.75244173563465,973,333290
907,134.81475641096108,823,334113
908,250.55473002926516,200,334313
909,250.59949562602577,410,334723
910,236.1697366531983,153,334876
911,153.87288858283583,629,335505
912,214.85489963241977,423,335928
913,-111.89369984136138,102,336030
914,-25.819815669869516,1000,337030
915,-51.51555503529019,1000,338030
916,269.342362259943,194,338224
917,232.38809607161792,194,338418
918,58.806616086770596,1000,339418
919,178.4423703208497,765,340183
920,236.04493344994052,320,340503
921,249.03561541940203,182,340685
922,246.24066506013364,235,340920
923,-75.0902645899002,391,341311
924,230.95167932319586,154,341465
925,-82.92167385636273,1000,342465
926,271.69028585630656,185,342650
927,259.461382982341,188,342838
928,-54.06752690238159,1000,343838
929,207.68834192577737,319,344157
930,277.2300723551264,152,344309
931,268.2493056956961,283,344592
932,302.64663433135416,254,344846
933,277.4208156034681,215,345061
934,264.4348206635843,214,345275
935,300.95960750658327,164,345439
936,270.6477331441762,155,345594
937,277.58465035178597,192,345786
938,264.3519368879387,172,345958
939,319.4145389119347,205,346163
940,286.49669900850085,212,346375
941,306.7997651687619,199,346574
942,298.3933450210933,193,346767
943,255.50760139470074,149,346916
944,43.073917756363784,91,347007
945,27.05259754905262,98,347105
946,8.539515546206502,100,347205
947,252.60152287260482,186,347391
948,-12.958790574685679,91,347482
949,291.98007991326506,140,347622
950,14.110978940707156,103,347725
951,306.86275063749315,165,347890
952,284.42772268564727,245,348135
953,272.0954771644687,146,348281
954,-34.949860041827776,92,348373
955,12.631971355891991,101,348474
956,42.78893675460105,81,348555
957,9.0345679714072,102,348657
958,4.893307365389333,127,348784
959,276.6030837710356,161,348945
960,159.93507169788157,568,349513
961,250.82302902236341,308,349821
962,313.67946862695385,446,350267
963,260.4929079572669,181,350448
964,48.7645536482762,1000,351448
965,-162.63182813286664,259,351707
966,270.2876320725735,171,351878
967,22.503521338729243,182,352060
968,258.7756569196501,229,352289
969,266.55987155362527,193,352482
970,243.59681020359213,192,352674
971,256.56524938712744,242,352916
972,250.46773503705592,315,353231
973,276.5598840374731,178,353409
974,284.72767155022353,179,353588
975,249.48899658542325,207,353795
976,246.79287467942774,228,354023
977,244.59486282844378,240,354263
978,261.71279843742207,161,354424
979,39.513551754429756,150,354574
980,236.99317649344428,251,354825
981,252.01873337427395,178,355003
982,204.70270124896214,248,355251
983,29.3723466467315,108,355359
984,246.33291577927338,183,355542
985,261.2203192464349,186,355728
986,27.377282484853268,128,355856
987,254.280489118967,232,356088
988,4.341514288450014,122,356210
989,273.10674236274974,203,356413
990,268.98173906660486,156,356569
991,278.1042884521111,159,356728
992,186.1215933071275,399,357127
993,203.97574347058026,275,357402
994,50.62552442591965,150,357552
995,288.21388895823884,239,357791
996,303.68268653171896,191,357982
997,245.23769929487938,171,358153
998,272.7189895380353,201,358354
999,251.0516826534255,186,358540
